id;description;date_reception;date_cloture;date_reponse;action;ao;code_profil;tjm;date_demarrage
1;Avon;2019-08-12;2019-08-11;2019-08-11;PCI SAS;Interactions;Pennsylvania dynamic bandwidth;navigate Oklahoma;2019-08-11
2;National;2019-08-12;2019-08-11;2019-08-11;Tools;Arizona hack;Fresh payment synthesize;Versatile seize;2019-08-11
3;Refined;2019-08-11;2019-08-12;2019-08-11;auxiliary Strategist Arizona;Lead;Principal Senior;Paraguay;2019-08-11
4;Central African Republic;2019-08-11;2019-08-12;2019-08-11;Wells;Naira iterate;Unbranded Plastic Chips Brand Regional;Generic B2B;2019-08-12
5;withdrawal;2019-08-12;2019-08-12;2019-08-12;analyzing holistic;Architect;Beauty dynamic schemas;Pound Sterling Keyboard;2019-08-11
6;parsing;2019-08-11;2019-08-11;2019-08-11;Personal Loan Account markets;SCSI Aruba Chair;drive online;Liaison engage navigate;2019-08-12
7;transmitting Tennessee Practical Steel Shirt;2019-08-12;2019-08-12;2019-08-12;Refined;haptic Producer Agent;Rhode Island capacitor;navigating Ergonomic Falls;2019-08-12
8;Response;2019-08-11;2019-08-12;2019-08-12;El Salvador Colon US Dollar Checking Account global;Baby;Kyrgyz Republic transmit;solution connecting;2019-08-11
9;Refined redundant;2019-08-11;2019-08-12;2019-08-11;deliverables;Credit Card Account transmitter cyan;Checking Account;seamless New York mesh;2019-08-11
10;International;2019-08-12;2019-08-11;2019-08-11;solid state empower;Switzerland CFP Franc;Granite Configuration Buckinghamshire;Practical Steel Chips;2019-08-11
