id;client;agence;objet;date_rv;description;date_creation;date_modification;commercial
1;Jewelery Engineer Bedfordshire;Tanzanian Shilling Assurance Nebraska;Gardens synthesizing;2019-08-12;Director;2019-08-11;2019-08-11;Buckinghamshire
2;Bouvet Island (Bouvetoya);Auto Loan Account asymmetric Montana;Applications;2019-08-12;Checking Account frictionless;2019-08-11;2019-08-12;Awesome Frozen Mouse open architecture
3;Gorgeous Metal Shoes;Investment Account;Investment Account cross-platform;2019-08-12;transmitting parse infrastructures;2019-08-11;2019-08-11;Implementation Shirt Unbranded Soft Fish
4;Refined Soft Keyboard synthesizing;indigo Bacon Mouse;Programmable payment National;2019-08-12;Maryland Tanzanian Shilling Lights;2019-08-11;2019-08-12;Plaza intranet index
5;Idaho customized;synthesize Bahrain;Pre-emptive Bouvet Island (Bouvetoya) experiences;2019-08-12;array Belize Dollar;2019-08-12;2019-08-11;Investment Account Rwanda Customer
6;Liaison copy program;hack Electronics Oklahoma;Cambridgeshire navigate Licensed;2019-08-11;generate;2019-08-11;2019-08-12;syndicate haptic
7;Bedfordshire;application driver;Credit Card Account Nevada;2019-08-11;Money Market Account;2019-08-11;2019-08-12;National Idaho strategize
8;value-added Savings Account;Connecticut Avon Money Market Account;bus;2019-08-11;Awesome International solid state;2019-08-12;2019-08-11;Cheese Maine
9;Practical Steel Fish Unbranded;Chief Coves Concrete;Pizza yellow programming;2019-08-12;instruction set Persistent Investment Account;2019-08-12;2019-08-12;sticky neural Kids
10;Cotton relationships;Chief web-enabled interactive;District Idaho Grocery;2019-08-11;Devolved;2019-08-11;2019-08-11;web-readiness
